Comment,Designator,Footprint,LCSC Part #
47nF,"C4,C12,C13,C17",C_0603_1608Metric,C1622
330uF 100v,"C11,C21",CP_Radial_D16.0mm_P7.50mm,C346987
1uF 100V,"C18,C19,C20,C33",C_1206_3216Metric,C13832
1nF,"C22,C23,C25,C47,C48,C49",C_0603_1608Metric,C1588
22uF 25V,C24,C_0805_2012Metric,C45783
"0,1uF","C26,C28,C34,C50,C64,C65,C66",C_0603_1608Metric,C14663
1uF 50V,"C27,C29,C31,C32",C_0603_1608Metric,C15849
47nF 100V,C30,C_0603_1608Metric,C576852
100nF 100V,C35,C_0805_2012Metric,C28233
4.7nF,C36,C_0603_1608Metric,C53987
10nF,C37,C_0603_1608Metric,C57112
2200pF,"C44,C45,C46,C53",C_0603_1608Metric,C1604
2.2uF 100V,"C51,C52",C_1210_3225Metric,C86054
22uF 16V,"C54,C55",C_1206_3216Metric,C12891
3.3nF,C56,C_0603_1608Metric,C1613
180pF C0G,C57,C_0603_1608Metric,C107041
4.7uF 100V,"C58,C59,C60,C61,C62,C63",C_1210_3225Metric,C385986
DFLS1100,D2,D_PowerDI-123,C107674
Green,D3,LED_0603_1608Metric,C12624
Yellow,D4,LED_0603_1608Metric,C2287
1N5819WS,"D5,D6,D7",D_SOD-323,C191023
SMCJ60A,D8,D_SMC,C1975272
PESD1CAN,D9,SOT-23,C15771
ATO 30A 58VDC,F1,FuseHolder_Blade_ATO_Littelfuse_FLR_178.6165,C207061
Throttle,"J7,J10",JST_XH_B3B-XH-A_1x03_P2.50mm_Vertical,C144394
Hall,J8,JST_XH_B5B-XH-A_1x05_P2.50mm_Vertical,C378947
UART,J9,JST_XH_B4B-XH-A_1x04_P2.50mm_Vertical,C144395
220uH,L1,L_Bourns_SRR1260,C1329361
47uH,L2,L_Bourns_SRR1260,C1329363
CSD19532Q5B,"Q1,Q2,Q3,Q4,Q5,Q6",TDSON-8-1,C473333
383k,"R1,R2,R3,R13",R_1206_3216Metric,C247277
"9,76k","R7,R11,R12,R17",R_0603_1608Metric,C23128
2m,"R14,R15,R16",R_2512_6332Metric,C154685
1k,R25,R_0603_1608Metric,C21190
2.61k,R29,R_0603_1608Metric,C22942
10k,"R33,R58,R69",R_0603_1608Metric,C25804
274k,R34,R_1206_3216Metric,C205267
107k,R36,R_0603_1608Metric,C14889
100k,R37,R_1206_3216Metric,C17900
330,"R40,R41,R70,R71",R_0603_1608Metric,C23138
56,"R55,R56,R57",R_0603_1608Metric,C25196
4.7k,"R59,R60,R61",R_0603_1608Metric,C23162
100k,R62,R_0603_1608Metric,C25803
1M,R63,R_1206_3216Metric,C17927
90.9k,R64,R_0603_1608Metric,C23129
41.2k,R65,R_0603_1608Metric,C23166
158k,R66,R_0603_1608Metric,C22883
49.9k,R67,R_0603_1608Metric,C23184
226k,R68,R_1206_3216Metric,C30273
120,R72,R_0603_1608Metric,C22787
10k B3380,TH1,R_0402_1005Metric,C77131
DRV8353RSRGZT,U1,QFN50P700X700X100-49N,C506246
TPD4S010DQAR,U3,IC_TPD4S010DQAR,C907861
LM5164DDA,U4,HSOP-8-1EP_3.9x4.9mm_P1.27mm_EP2.41x3.1mm_ThermalVias,C477928
TJA1051T/3,U5,SOIC-8_3.9x4.9mm_P1.27mm,C38695
2x19 female socket 2.54mm 8.5mm (Nucleo morpho),"CN7,CN10",PinSocket_2x19_P2.54mm_Vertical,C42372543
