Designator,Mid X,Mid Y,Layer,Rotation
C4,240.6250,-92.5375,Top,0
C11,244.4500,-48.7000,Top,0
C12,222.3000,-93.0375,Top,0
C13,207.8000,-88.7000,Top,0
C17,202.5250,-62.9000,Top,180
C18,210.0600,-61.5000,Top,90
C19,232.3000,-61.4750,Top,90
C20,246.0600,-61.5000,Top,90
C21,226.0500,-49.3000,Top,0
C22,217.3000,-86.3750,Top,270
C23,253.3000,-86.3750,Top,270
C24,235.7000,-121.8500,Top,270
C25,235.4000,-86.2750,Top,270
C26,222.6000,-101.9000,Top,0
C27,238.6000,-103.8000,Top,90
C28,242.3750,-106.7000,Top,180
C29,238.3000,-108.3000,Top,180
C30,239.2000,-106.6000,Top,180
C31,233.5750,-109.4000,Top,180
C32,228.8250,-110.0000,Top,180
C33,233.7000,-114.0775,Top,270
C34,238.3000,-112.3750,Top,270
C35,231.4000,-113.4525,Top,270
C36,235.5000,-118.3750,Top,90
C37,231.9000,-110.9000,Top,180
C44,182.3000,-118.8000,Top,0
C45,188.8000,-118.8000,Top,0
C46,185.6000,-118.8000,Top,0
C47,175.7000,-56.3000,Top,0
C48,179.6250,-56.3000,Top,180
C49,190.6250,-56.3000,Top,180
C50,218.2000,-132.3250,Top,0
C51,153.5850,-48.9750,Top,90
C52,149.6850,-49.0750,Top,90
C53,165.3850,-49.9000,Top,90
C54,186.0000,-42.6750,Top,270
C55,182.9000,-42.6750,Top,270
C56,171.2000,-51.2000,Top,0
C57,167.7850,-52.3000,Top,270
C58,250.0600,-61.5000,Top,90
C59,254.0600,-61.5000,Top,90
C60,218.0600,-61.5000,Top,90
C61,214.0600,-61.5000,Top,90
C62,240.3000,-61.4750,Top,90
C63,236.3000,-61.4750,Top,90
C64,164.2800,-67.0750,Top,270
C65,134.7250,-57.6000,Top,180
C66,140.4250,-48.2000,Top,0
D2,229.0000,-113.6875,Top,270
D3,166.7125,-130.2000,Top,0
D4,174.9875,-130.2000,Top,0
D5,193.8800,-42.0500,Top,270
D6,196.3800,-42.0500,Top,270
D7,198.9800,-42.0500,Top,270
D8,224.8000,-61.6000,Top,180
D9,131.0625,-44.6000,Top,180
F1,209.2500,-42.7000,Top,90
J7,209.6000,-130.1000,Top,0
J8,194.1000,-35.1000,Top,0
J9,134.7500,-131.0000,Top,180
J10,124.4000,-46.0000,Top,270
L1,228.0000,-123.0500,Top,270
L2,172.4000,-40.8000,Top,0
Q1,250.0600,-69.5000,Top,0
Q2,250.0600,-79.5000,Top,0
Q3,232.0600,-69.5000,Top,0
Q4,232.0600,-79.5000,Top,0
Q5,214.0600,-69.5000,Top,0
Q6,214.0600,-79.5000,Top,0
R1,240.7000,-87.1000,Top,270
R2,222.3000,-87.3000,Top,270
R3,204.9000,-87.2625,Top,270
R7,240.7000,-90.6375,Top,0
R11,222.3000,-90.9375,Top,0
R12,207.8000,-90.6000,Top,0
R13,206.0000,-61.4625,Top,270
R14,214.2000,-88.5000,Top,270
R15,232.2000,-88.5000,Top,270
R16,250.4000,-88.5000,Top,270
R17,202.5750,-60.4000,Top,180
R25,204.8000,-121.5250,Top,270
R29,238.6000,-109.9000,Top,0
R33,240.0000,-112.4250,Top,90
R34,236.3000,-114.1625,Top,90
R36,235.0000,-110.9000,Top,0
R37,226.5000,-113.3625,Top,90
R40,171.0750,-130.2000,Top,180
R41,162.2750,-130.2000,Top,0
R55,183.1000,-116.1250,Top,90
R56,186.5000,-116.1250,Top,90
R57,189.6000,-116.2250,Top,90
R58,207.1000,-119.8250,Top,90
R59,175.7750,-54.0000,Top,180
R60,179.6250,-54.1000,Top,0
R61,191.4000,-53.5000,Top,90
R62,218.2000,-129.9250,Top,0
R63,150.7225,-53.3000,Top,0
R64,151.2850,-55.8000,Top,180
R65,154.6850,-55.1250,Top,270
R66,171.3000,-53.1000,Top,180
R67,164.6850,-54.0250,Top,270
R68,168.8375,-49.0000,Top,0
R69,166.1000,-67.0750,Top,90
R70,133.4000,-122.5750,Top,90
R71,135.9000,-122.5750,Top,90
R72,136.1000,-46.4250,Top,270
TH1,228.0000,-82.7000,Top,0
U1,232.3225,-104.1000,Top,180
U3,201.8100,-118.9000,Top,270
U4,159.8300,-51.2000,Top,270
U5,134.7650,-52.0750,Top,0
CN7,173.7000,-122.7700,Top,180
CN10,173.7000,-61.8100,Top,180
